<?xml version="1.0" encoding="UTF-8"?>
<!DOCTYPE configuration
    PUBLIC "-//mybatis.org//DTD Mapper 3.0//EN"
    "http://mybatis.org/dtd/mybatis-3-config.dtd">
    
<configuration>
    <!-- 加载属性文件 
    <properties resource="jdbc.properties"> -->
        <!-- properties 中还可以配置一些属性名和属性值 -->
        <!--  <property name="jdbc.driver" value=""/> 
    </properties> -->
    
    <!-- 全局配置参数 需要时再设置 -->
    <!-- <settings></settings> -->
    
    <!-- 别名定义 -->
    <typeAliases>
        <!-- 针对单个别名定义 type 类型路径 alias 别名 -->
        <!--  <typeAlias type="com.peng.mybatis.entity.User" alias="user"/> -->
        <!-- 批量别名定义 指定包名 mybatis自动扫描包中的po类 自动定义别名 别名就是类名(首字母大写或小写都可以) -->
        <package name="com.peng.mybatis.entity"/>
        
    </typeAliases>
    <!-- 和spring整合后environments配置将去掉 -->
    <environments default="development">
        <environment id="development">
            <!-- 使用jdbc事务管理 事务控制由mybatis -->
            <transactionManager type="JDBC" />
            <!-- 数据库连接池 -->
            <dataSource type="POOLED">
                <property name="driver" value="com.mysql.jdbc.Driver"/>
                <property name="url" value="jdbc:mysql://localhost:3306/mybatis?characterEncoding=utf-8"/>
                <property name="username" value="root"/>
                <property name="password" value=""/>
            </dataSource>
        </environment>
    </environments>
    
    <!-- 加载映射文件 -->
    <mappers>
    <!-- 
        <mapper resource="sqlmap/User.xml" />
        <mapper resource="mapper/UserMapper.xml" /> -->
        <package name="com.peng.mybatis.mapper"/>
    </mappers>
</configuration>