<?xml version="1.0" encoding="UTF-8"?>
<!DOCTYPE configuration
    PUBLIC "-//mybatis.org//DTD Mapper 3.0//EN"
    "http://mybatis.org/dtd/mybatis-3-config.dtd">
    
<configuration>
    <!-- 和spring整合后environments配置将去掉 -->
    <environments default="development">
        <environment id="development">
            <!-- 使用jdbc事务管理 事务控制由mybatis -->
            <transactionManager type="JDBC" />
            <!-- 数据库连接池 -->
            <dataSource type="POOLED">
                <property name="driver" value="com.mysql.jdbc.Driver"/>
                <property name="url" value="jdbc:mysql://localhost:3306/mybatis?characterEncoding=utf-8"/>
                <property name="username" value="root"/>
                <property name="password" value=""/>
            </dataSource>
        </environment>
    </environments>
    
    <!-- 加载映射文件 -->
    <mappers>
        <mapper resource="sqlmap/User.xml" />
    </mappers>
</configuration>